"SiteName","FileName","ContractNumber"
"דרך השלום","CONT-0429-164939-1.docx","CONT-0429-164939-1"
"נרקיסים","חוזה מתכנן אלומיניום.docx","CONT-10-1969"
"נרקיסים","חוזה מעצב פנים.docx","CONT-10-1967"
"נשר","חוזה יועץ קרינה אלקטרו.docx","CONT-10-2195"
"רוטשילד חיפה","חוזה יועץ פינוי אשפה - CONT-5-670.docx","CONT-5-670"
"רמת שרת שלב ב","חוזה מתכנן תנועה - CONT-5-663.docx","CONT-5-663"
"רמת שרת שלב ב","חוזה יועץ בניה ירוקה - CONT-5-569.docx","CONT-5-569"
"נשר","חוזה יועץ בידוד תרמי - CONT-5-692.docx","CONT-5-692"
"אופיס אזור","חוזה איתור תשתיות - CONT-5-673.docx","CONT-5-673"
"דרך השלום - תא","חוזה הידרולוג - CONT-5-667.docx","CONT-5-667"
"אופיס אזור","חוזה אדריכל ראש1 - CONT-10-2365.docx","CONT-10-2365"
"רמת שרת שלב ב","חוזה אדריכל נוף - CONT-5-563.docx","CONT-5-563"
"( טרם ניתן שם לפרויקט ) בעיר נשר","חוזה אדריכל ג גור למגרש - CONT-5-565CONT-10-1927.docx","CONT-10-1927"
"נשר","חוזה יועץ קרינה אלקטרו - CONT-5-668CONT-10-2195.docx","CONT-10-2195"
"רמת שרת שלב ב","חוזה מתכנן אינסטלציה - CONT-5-564.docx","CONT-5-564"
"רמת שרת שלב ב","חוזה מתכנן מעליות - CONT-5-661.docx","CONT-5-661"
"אולפני הרצליה","אולפני הרצליה חוזה יועץ בטיחות   אלי כחלון - CONT-5-582.docx","CONT-5-582"
"אולפני הרצליה","הרצליה חוזה מתכנן אינסטלציה זיו גלמור 06.02.2024 - CONT-10-2353.docx","CONT-10-2353"
"הקמת 150 יח''ד ומסחר","הרצליה חוזה מתכנן חשמל ותקשורת 06.02.2024 - CONT-10-1943.docx","CONT-10-1943"
"אולפני הרצליה","חוזה מתכנן תנועה רקאוז חן הנדסת כבישים טיוטה 1 - CONT-10-2334.docx","CONT-10-2334"
"אולפני הרצליה","יועץ ביסוס קרקע - CONT-5-664.docx","CONT-5-664"
"אולפני הרצליה","הרצליה חוזה מתכנן מיזוג אוויר זיו גלמור 06.02.2024 - CONT-10-2354.docx","CONT-10-2354"
"אולפני הרצליה","יועץ נגישות - CONT-5-676.docx","CONT-5-676"
"אולפני הרצליה","אדריכלות נוף - CONT-10-2335.docx","CONT-10-2335"
"אנדריוס","חוזה מתכנן מיזוג אוויר - CONT-10-1399.docx","CONT-10-1399"
"אנדריוס","הסכם מתכנן- אינסטלציה וספרינקלרים - 2 4 19 - CONT-10-1846.docx","CONT-10-1846"
"אנדריוס","חוזה מתכנן קונסטרוקצי1 - CONT-10-1922.docx","CONT-10-1922"
"נשר","חוזה אדריכל ראשי - CONT-10-1924.docx","CONT-10-1924"
"אנדריוס","חוזה יועץ אקוסטיקה - CONT-10-1933.docx","CONT-10-1933"
"אנדריוס","חוזה מתכנן אינסטלציה - CONT-10-1404.docx","CONT-10-1404"
"גבעת הכלניות","חוזה יועץ ביסוס קרקע - CONT-10-2098.docx","CONT-10-2098"
"גבעת הכלניות","חוזה יועץ בניה ירוקה ויעוץ תרמי - CONT-10-2157.docx","CONT-10-2157"
"רמת שרת - דרומי","חוזה יועץ נגישות - CONT-5-676.docx","CONT-5-676"
"גבעת הכלניות","חוזה מתכנן איוורור ומיזוג אוויר - CONT-10-2104.docx","CONT-10-2104"
"גבעת הכלניות","חוזה מתכנן אינסטלציה - CONT-10-2082.docx","CONT-10-2082"
"","חוזה מתכנן חשמל ותקשורת - CONT-10-2083.docx","CONT-10-2083"
"גבעת הכלניות","חוזה מתכנן אלומיניום - CONT-10-2193.docx","CONT-10-2193"
"דרך השלום - תא","חוזה מתכנן אלומיניום - CONT-5-575.docx","CONT-5-575"
"גבעת הכלניות","חוזה מתכנן קונסטרוקציה קרבן - CONT-10-1821.docx","CONT-10-1821"
"גבעת הכלניות","חוזה מתכנן מעליות - CONT-10-2097.docx","CONT-10-2097"
"גבעת הכלניות","חוזה מתכנן תנועה - CONT-10-2099.docx","CONT-10-2099"
"גבעת הכלניות","חוזה אדריכל נוף - CONT-10-2096.docx","CONT-10-2096"
"דרך השלום","חוזה אחראי לביקורת פרויקטים - CONT-5-715.docx","CONT-5-715"
"גבעת הכלניות","חוזה הידרולוג - CONT-10-2163.docx","CONT-10-2163"
"גבעת הכלניות","חוזה יועץ איטום - CONT-10-2100.docx","CONT-10-2100"
"גבעת הכלניות","חוזה יועץ אקוסטיקה - CONT-10-2102.docx","CONT-10-2102"
"גבעת הכלניות","חוזה יועץ בטיחות - CONT-10-2101.docx","CONT-10-2101"
"הכוזרי - הרצליה","חוזה יועץ בטיחות - CONT-10-2356.docx","CONT-10-2356"
"הכוזרי - הרצליה","חוזה יועץ אקוסטיקה - CONT-10-2362.docx","CONT-10-2362"
"דרך השלום - תא","חוזה יועץ בטיחות - CONT-5-582.docx","CONT-5-582"
"הכוזרי - הרצליה","חוזה יועץ ביסוס קרקע - CONT-10-2373.docx","CONT-10-2373"
"רמת שרת שלב ב","חוזה יועץ קרינה אלקטרו - CONT-5-668.docx","CONT-5-668"
"הכוזרי - הרצליה","חוזה מנהל מודל בים ותיאום מערכות - CONT-10-2402.docx","CONT-10-2402"
"גליל ים מחיר למשתכן","חוזה מתכנן אלומיניום - CONT-10-392.docx","CONT-10-392"
"הכוזרי - הרצליה","חוזה מתכנן אלומיניום - CONT-10-2436.docx","CONT-10-2436"
"הכוזרי - הרצליה","חוזה מתכנן מיגון ומקלוט - CONT-10-2361.docx","CONT-10-2361"
"הכוזרי - הרצליה","חוזה מתכנן חשמל ותקשורת - CONT-10-2360.docx","CONT-10-2360"
"דרך השלום - תא","חוזה מתכנן מיגון ומקלוט - CONT-5-583.docx","CONT-5-583"
"הכוזרי - הרצליה","חוזה מתכנן מעליות - CONT-10-2355.docx","CONT-10-2355"
"הכוזרי - הרצליה","חוזה מתכנן קונסטרוקציה - CONT-10-2344.docx","CONT-10-2344"
"הכוזרי - הרצליה","חוזה אדריכל בית הכנסת - CONT-10-2343.docx","CONT-10-2343"
"הכוזרי - הרצליה","חוזה אדריכל מגורים ושטחי מסחר - CONT-10-2332.docx","CONT-10-2332"
"דרך השלום - תא","חוזה יועץ אקוסטיקה - CONT-5-657.docx","CONT-5-657"
"דרך השלום - תא","חוזה יועץ איטום - CONT-5-691.docx","CONT-5-691"
"הכוזרי - הרצליה","חוזה חברת ניהול ופיקוח פרויקטים - CONT-10-2329.docx","CONT-10-2329"
"מורדות ארנונה","חוזה יועץ ניהול ואחזקת מבנים.docx",""
"רמת שרת שלב ב","חוזה מנהל מודל - CONT-5-713.docx","CONT-5-713"
"רמת שרת - דרומי","חוזה מעצב פנים - CONT-5-669.docx","CONT-5-669"
"רמת שרת שלב ב","חוזה מתכנן חשמל ותקשורת - CONT-5-658.docx","CONT-5-658"
"רמת שרת שלב ב","חוזה מתכנן מיזוג אוויר - CONT-5-617.docx","CONT-5-617"
"מורדות ארנונה","חוזה מתכנן קונסטרוקציה - CONT-10-1982.docx","CONT-10-1982"
"מורדות ארנונה","חוזה אדריכל מגורים ושטחי מסחר - CONT-5-557.docx","CONT-5-557"
"מורדות ארנונה","חוזה אדריכל נוף - CONT-10-2000.docx","CONT-10-2000"
"רמת שרת - דרומי","חוזה אדריכל ראשי - CONT-5-565.docx","CONT-5-565"
"רמת שרת שלב ב","חוזה חברת ניהול ופיקוח פרויקטים - CONT-5-671.docx","CONT-5-671"
"מורדות ארנונה","חוזה הידרולוג - CONT-10-2111.docx","CONT-10-2111"
"מורדות ארנונה","חוזה חברת ניהול ופיקוח פרויקטים חדש - CONT-10-1981.docx","CONT-10-1981"
"מורדות ארנונה","חוזה יועץ אקוסטיקה - CONT-10-2004.docx","CONT-10-2004"
"רמת שרת שלב ב","חוזה יועץ ביסוס קרקע - CONT-5-664.docx","CONT-5-664"
"נס ציונה מחיר למשתכן","חוזה אדריכל ראשי - CONT-10-1872.docx","CONT-10-1872"
"נס ציונה מחיר למשתכן","חוזה יועץ ביסוס וקרקע - CONT-10-1869.docx","CONT-10-1869"
"נס ציונה מחיר למשתכן","חוזה יועץ מיגון ומקלוט - CONT-5-583.docx","CONT-5-583"
"נס ציונה מחיר למשתכן","חוזה מודד - CONT-5-693.docx","CONT-5-693"
"נס ציונה מחיר למשתכן","חוזה מעצב פנים - CONT-10-1919.docx","CONT-10-1919"
"נס ציונה מחיר למשתכן","חוזה מתכנן אלומיניום - CONT-10-1883.docx","CONT-10-1883"
"נס ציונה מחיר למשתכן","חוזה מתכנן תנועה - CONT-10-1874.docx","CONT-10-1874"
"נס ציונה מחיר למשתכן","חוזה מתכנן קונסטרוקציה - CONT-10-2107.docx","CONT-10-2107"
"נס ציונה מחיר למשתכן","חוזה נגישות - CONT-10-1879.docx","CONT-10-1879"
"נס ציונה מחיר למשתכן","חוזה אדריכל מגורים ושטחי מסחר - CONT-10-1845.docx","CONT-10-1845"
"נס ציונה מחיר למשתכן","חוזה אדריכל נוף - CONT-10-1879.docx","CONT-10-1879"
"נצר סירני","בניין 31 - חוזה יועץ אקוסטיקה - CONT-10-2065.docx","CONT-10-2065"
"נצר סירני","בניין 31 - חוזה יועץ בטיחות - CONT-10-2051.docx","CONT-10-2051"
"נצר סירני","בניין 31 - חוזה יועץ איטום - CONT-10-2154.docx","CONT-10-2154"
"נצר סירני","בניין 31 - חוזה יועץ ביסוס קרקע - CONT-10-2053.docx","CONT-10-2053"
"נצר סירני","בניין 31 - חוזה יועץ בניה ירוקה ותרמי - CONT-10-2153.docx","CONT-10-2153"
"נצר סירני","בניין 31 - חוזה יועץ נגישות - CONT-10-2066.docx","CONT-10-2066"
"נצר סירני","בניין 31 - חוזה יועץ סופרפוזיציה - CONT-10-2075.docx","CONT-10-2075"
"נצר סירני","בניין 31 - חוזה מנהל מודל - CONT-10-2068.docx","CONT-10-2068"
"נצר סירני","בניין 31 - חוזה מעצב פנים - CONT-10-2182.docx","CONT-10-2182"
"נצר סירני","בניין 31 - חוזה מתכנן אינסטלציה - CONT-10-2057.docx","CONT-10-2057"
"נצר סירני","בניין 31 - חוזה מתכנן אלומיניום - CONT-10-2110.docx","CONT-10-2110"
"נצר סירני","בניין 31 - חוזה מתכנן חשמל ותקשורת - CONT-10-2063.docx","CONT-10-2063"
"נצר סירני","בניין 31 - חוזה מתכנן מיגון ומקלוט - CONT-10-2067.docx","CONT-10-2067"
"נצר סירני","בניין 31 - חוזה מתכנן מיזוג אוויר - CONT-10-2058.docx","CONT-10-2058"
"נצר סירני","בניין 31 - חוזה מתכנן קונסטרוקציה - CONT-10-2011.docx","CONT-10-2011"
"נצר סירני","בניין 31 - חוזה מתכנן תנועה - CONT-10-2054.docx","CONT-10-2054"
"נצר סירני","cbhhi 31 - חוזה מתכנן אינסטלציה - CONT-5-564.docx","CONT-5-564"
"נצר סירני","בניין 31 - חוזה אדריכל - CONT-10-2005.docx","CONT-10-2005"
"נצר סירני","בניין 31 - חוזה אדריכל נוף - CONT-10-2052.docx","CONT-10-2052"
"נצר סירני","בניין 31 - חוזה חברת ניהול ופיקוח - CONT-10-2062.docx","CONT-10-2062"
"נשר","חוזה יועץ אקוסטיקה - CONT-10-2185.docx","CONT-10-2185"
"נשר","חוזה יועץ בטיחות - CONT-10-2171.docx","CONT-10-2171"
"נשר","חוזה יועץ בניה ירוקה ותרמי - CONT-10-2197.docx","CONT-10-2197"
"נשר","חוזה יועץ פינוי אשפה טיוטא מופיע בירוקה - CONT-5-670.docx","CONT-5-670"
"נשר","חוזה יועץ נגישות - CONT-10-2173.docx","CONT-10-2173"
"נשר","חוזה מנהל מודל - CONT-10-2183.docx","CONT-10-2183"
"נשר","חוזה יועץ קרינה אלקטרו - CONT-10-2195.docx","CONT-10-2195"
"נרקיסים","חוזה מעצב פנים - CONT-10-1967.docx","CONT-10-1967"
"נשר","חוזה מתכנן איוורור ו  מיזוג אוויר - CONT-10-2181.docx","CONT-10-2181"
"נרקיסים","חוזה מתכנן אלומיניום - CONT-10-1969.docx","CONT-10-1969"
"נשר","חוזה מתכנן אינסטלציה - CONT-10-2175.docx","CONT-10-2175"
"נשר","חוזה מתכנן חשמל ותקשורת - CONT-10-1938.docx","CONT-10-1938"
"נשר","חוזה מתכנן חשמל ותקשורת -29.10.2020 - ID1v1 - CONT-10-1938.docx","CONT-10-1938"
"נשר","חוזה מתכנן אלומיניום - CONT-10-2194.docx","CONT-10-2194"
"נשר","חוזה מתכנן מעליות - CONT-10-2170.docx","CONT-10-2170"
"נשר","חוזה מתכנן מיגון ומקלוט - CONT-10-2176.docx","CONT-10-2176"
"נשר","חוזה מתכנן קונסטרוקציה - CONT-10-1992.docx","CONT-10-1992"
"נשר","יועץ בטיחות  הסכם - CONT-5-582.docx","CONT-5-582"
"נרקיסים","חוזה מתכנן קונסטרוקציה1 - CONT-10-1970.docx","CONT-10-1970"
"נשר","מכרז קבלן ראשי מגורים נשר שלב 1 2026 - CONT-5-716.docx","CONT-5-716"
"נשר","חוזה אדריכל ג גור למגרשים סופי - CONT-10-1927.docx","CONT-10-1927"
"נשר","חוזה אדריכל ראשי - CONT-10-1927.docx","CONT-10-1927"
"נשר","חוזה ג גור מחוץ למגרשים בינוי נשר.docx",""
"נשר","חוזה הידרולוג - CONT-10-2190.docx","CONT-10-2190"
"נשר","חוזה חברת ניהול ופיקוח פרויקטים - CONT-10-2164.docx","CONT-10-2164"
"רמת שרת שלב ב","חוזה מתכנן קונסטרוקציה - CONT-5-662.docx","CONT-5-662"
"נתניה - מגרש 1409","חוזה אדריכל ראשי - CONT-10-1996.docx","CONT-10-1996"
"נתניה - מגרש 1409","חוזה חברת ניהול ופיקוח פרויקטים - טיוטה - CONT-5-671.docx","CONT-5-671"
"סביוני גבעת שמואל","סביוני גבעת שמואל - חוזה אחראי לביקורת - CONT-10-2167.docx","CONT-10-2167"
"סביוני גבעת שמואל","סביוני גבעת שמואל - חוזה יועץ בידוד תרמי - CONT-10-1944.docx","CONT-10-1944"
"סביוני גבעת שמואל","סביוני גבעת שמואל - חוזה הידרולוג - CONT-10-1889.docx","CONT-10-1889"
"סביוני גבעת שמואל","סביוני גבעת שמואל - חוזה יועץ נגישות - CONT-10-1929.docx","CONT-10-1929"
"סביוני גבעת שמואל","סביוני גבעת שמואל - חוזה יועץ נגישות - משה מנו - CONT-10-2172.docx","CONT-10-2172"
"סביוני גבעת שמואל","סביוני גבעת שמואל - חוזה יועץ פינוי אשפה - CONT-10-1962.docx","CONT-10-1962"
"סביוני גבעת שמואל","סביוני גבעת שמואל - מגרש 1004 - תאום מערכות - CONT-10-2192.docx","CONT-10-2192"
"סביוני גבעת שמואל","סביוני גבעת שמואל - מגרשים 1006-1007 - חוזה אדריכל נוף - CONT-10-2245.docx","CONT-10-2245"
"סביוני גבעת שמואל","סביוני גבעת שמואל - מגרשים 1006-1007 - חוזה הידרולוג - CONT-10-2271.docx","CONT-10-2271"
"סביוני גבעת שמואל","סביוני גבעת שמואל - מגרשים 1006-1007 - חוזה מעצב פנים - CONT-10-2376.docx","CONT-10-2376"
"סביוני גבעת שמואל","סביוני גבעת שמואל - 1004-1005 - חוזה מעצב פנים - CONT-10-2191.docx","CONT-10-2191"
"סביוני גבעת שמואל","סביוני גבעת שמואל - 1001 1005 - חוזה קבלן - CONT-10-2108.docx","CONT-10-2108"
"סביוני גבעת שמואל","סביוני גבעת שמואל  1006-1007 - חוזה אדריכל - CONT-10-2177.docx","CONT-10-2177"
"סביוני גבעת שמואל","סביוני גבעת שמואל - גמרשים 1006-1007 -חוזה יועץ בניה ירוקה ותרמי - CONT-10-2276.docx","CONT-10-2276"
"סביוני גבעת שמואל","סביוני גבעת שמואל - 1006-1007 - חוזה קבלן ראשי - CONT-10-2393.docx","CONT-10-2393"
"סביוני גבעת שמואל","סביוני גבעת שמואל - חוזה אדריכל מגורים ומסחרי - CONT-10-1403.docx","CONT-10-1403"
"סביוני רעננה צפון","חוזה יועץ בניה ירוקה - CONT-10-1964.docx","CONT-10-1964"
"סביוני רעננה צפון","חוזה יועץ סופרפוזיציה - CONT-5-674.docx","CONT-5-674"
"סביוני רעננה צפון","חוזה מתכנן אינסטלציה - CONT-10-1912.docx","CONT-10-1912"
"סביוני רעננה צפון","חוזה מתכנן חשמל ותקשורת - CONT-10-1943.docx","CONT-10-1943"
"סביוני רעננה צפון","חוזה מתכנן אינסטלציה 26.08.2020.docx",""
"סביוני רעננה צפון","חוזה מתכנן מיגון ומקלוט - CONT-10-1911.docx","CONT-10-1911"
"סביוני רעננה צפון","חוזה מתכנן קונסטרוקציה - CONT-10-1892.docx","CONT-10-1892"
"סביוני רעננה צפון","חוזה מתכנן מיזוג אוויר - CONT-10-1934.docx","CONT-10-1934"
"סביוני רעננה צפון","חוזה מתכנן מעליות - CONT-10-2029.docx","CONT-10-2029"
"סביוני רעננה צפון","חוזה מתכנן תנועה - CONT-10-1910.docx","CONT-10-1910"
"סביוני רעננה צפון","יועץ נגישות רעננה - CONT-5-676.docx","CONT-5-676"
"סביוני רעננה צפון","ניהול תיאום ופיקוח אחים מרגולין רעננה - CONT-5-671.docx","CONT-5-671"
"סביוני רעננה צפון","תבנית מודד - CONT-5-661.docx","CONT-5-661"
"סביוני גליל ים","חוזה אדריכל מסחירי 1 - CONT-5-557.docx","CONT-5-557"
"סביוני רעננה צפון","תכולת מכרז קבלן ראשי - CONT-10-2112.docx","CONT-10-2112"
"סביוני רעננה צפון","חוזה אדריכל ראשי - CONT-10-1897.docx","CONT-10-1897"
"סביוני רעננה צפון","חוזה אדריכל נוף - CONT-10-1899.docx","CONT-10-1899"
"סביוני רעננה צפון","חוזה יועץ אקוסטיקה - CONT-10-1999.docx","CONT-10-1999"
"סביוני רעננה צפון","חוזה יועץ ביסוס וקרקע - CONT-10-1898.docx","CONT-10-1898"
"סביוני רעננה צפון","חוזה יועץ בטיחות.docx",""
"סביוני שהם - מחיר למשתכן","שהם מחיר למשתכן - חוזה יועץ נגישות - CONT-10-1069.docx","CONT-10-1069"
"סביוני שהם - מחיר למשתכן","שהם מחיר למשתכן - חוזה יועץ תאום מערכות - CONT-10-1401.docx","CONT-10-1401"
"סביוני שהם - מחיר למשתכן","שהם מחיר למשתכן - חוזה יועץ איטום - CONT-10-1394.docx","CONT-10-1394"
"סביוני שהם - מחיר למשתכן","שהם מחיר למשתכן - חוזה מעצב פנים - CONT-10-1067.docx","CONT-10-1067"
"סביוני שהם - מחיר למשתכן","שהם מחיר למשתכן - חוזה מתכנן מיגון - CONT-10-1396.docx","CONT-10-1396"
"סביוני שהם - מחיר למשתכן","שהם מחיר למשתכן - חוזה מתכנן קונסטרוקציה - CONT-10-1065.docx","CONT-10-1065"
"סביוני שהם - מחיר למשתכן","שהם מחיר משתכן - חוזה מתכנן אלומיניום - CONT-10-1068.docx","CONT-10-1068"
"סביוני שהם - מחיר למשתכן","שהם מחיר למשתכן - חוזה הידרולוג - CONT-10-1070.docx","CONT-10-1070"
"סביוני שהם - דיור להשכרה","שהם - דיור להשכרה - חוזה חברת פיקוח - CONT-10-1873.docx","CONT-10-1873"
"סביוני שהם - מחיר למשתכן","שהם מחיר למשתכן - חוזה חברת ניהול ופיקוח - CONT-10-1066.docx","CONT-10-1066"
"סמל צפון מגרש 123","חוזה אגרונום - CONT-10-1867.docx","CONT-10-1867"
"סמל צפון מגרש 123","חוזה מתכנן מיגון ומקלוט - CONT-10-1866.docx","CONT-10-1866"
"סומייל","חוזה אגרונום - CONT-10-1859.docx","CONT-10-1859"
"סומייל","הוראות למוזמנים להגיש הצעת מחיר - CONT-10-1814.docx","CONT-10-1814"
"פרויקט ניסיון","עינב - CONT-5-716.docx","CONT-5-716"
"פרויקט ניסיון","תכולת מכרז קבלן ראשי - CONT-10-1928.docx","CONT-10-1928"
"רוטשילד חיפה","חוזה מנהל מוד1 - CONT-5-713.docx","CONT-5-713"
"רוטשילד חיפה","חוזה מתכנן אינסטלציה - CONT-10-2309.docx","CONT-10-2309"
"רוטשילד חיפה","חוזה מתכנן מיזוג אוויר - ניסיון - CONT-5-617.docx","CONT-5-617"
"רוטשילד חיפה","חוזה אגרונום - CONT-5-666.docx","CONT-5-666"
"רוטשילד חיפה","חוזה אדריכל - ראשי - CONT-5-565.docx","CONT-5-565"
"רמת שרת שלב ב","תכולת מכרז קבלן ראשי - CONT-5-716.docx","CONT-5-716"
"רמגור הרצליה","תמצית עסקה - רמגור הרצליה טיוטה - 5.9.22.docx",""
"אולפני הרצליה","חוזה חברת ניהול מרגולין.pdf",""
"אולפני הרצליה","חתום על ידי השותפים.pdf",""
"אנדריוס","הסכם חוזה ניהול מבנים בניין פלוס.pdf",""
"אנדריוס","הסכם חוזה מול חברת ניהול.pdf",""
"בית מפאי","פרוייקט בית מפאי - חוזה חתום בן אפריקה ישראל לחברת אחים מרגולין - 30.07.17.pdf",""
"נתניה 542","חוזה מתכנן אינסטלציה.pdf",""
"דרך השלום","חוזה חתום רן בלנדר.pdf",""
"הכוזרי - הרצליה","חוזה יועץ ביסוס קרקע.pdf",""
"הכוזרי - הרצליה","חוזה מנהל מודל בים ותיאום מערכות.pdf",""
"הכוזרי - הרצליה","חוזה מצלאווי.pdf",""
"הכוזרי - הרצליה","חוזה מתכנן מיגון מקלוט.pdf",""
"הכוזרי - הרצליה","חוזה אדריכל מגורים ושטחי מסחר.pdf",""
"הכוזרי - הרצליה","חוזה מתכנן קונסטרוקציה.pdf",""
"הכוזרי - הרצליה","חוזה יועץ אקוסטיקה.pdf",""
"הכוזרי - הרצליה","חוזה יועץ בטיחות אש.pdf",""
"התחדשות עירונית","סלע נהרי.pdf",""
"התחדשות עירונית","קדמת גונן דניה חוזה חתום.pdf",""
"התחדשות עירונית","בלוך.pdf",""
"התחדשות עירונית","חוזה חתום - אפריקה התחדשות עירונית בעמ - אנה פרנק 25 רמת גן - 19.01.2021.pdf",""
"מורדות ארנונה","חוזה חברת ניהול ופיקוח 2.pdf",""
"מורדות ארנונה","חוזה אדריכל נוף.msg",""
"מורדות ארנונה","חוזה חברת ניהול ופיקוח 1.pdf",""
"מורדות ארנונה","חוזה חברת ניהול ופיקוח פרויקטים א מ ופי סי אר.msg",""
"מורדות ארנונה","חוזה חברת ניהול ופיקוח.msg",""
"מורדות ארנונה","חוזה יועץ ניהול ואחזקת מבנים.pdf",""
"מורדות ארנונה","חוזה יועץ ביסוס קרקע.msg",""
"מורדות ארנונה","חוזה מתכנן אינסטלציה.msg",""
"מורדות ארנונה","יגאל לוי.msg",""
"מורדות ארנונה","חוזה מתכנן תנועה.msg",""
"מורדות ארנונה","יועץ בטיחות.msg",""
"מורדות ארנונה","מורדות ארנונה.pdf",""
"מורדות ארנונה","דניה סיבוס חוזה חתום.pdf",""
"מורדות ארנונה","הסכם קבלן ראשי.pdf",""
"נס ציונה מחיר למשתכן","חוזה יועץ בניה ירוקה ויעוץ תרמי.msg",""
"נס ציונה מחיר למשתכן","חוזה יועץ בטיחות.msg",""
"נס ציונה מחיר למשתכן","חוזה יועץ מעליות.msg",""
"נס ציונה מחיר למשתכן","חוזה מעצב פנים נירית ברנר.msg",""
"נס ציונה מחיר למשתכן","חוזה מתכנן חשמל ותקשורת.msg",""
"נס ציונה מחיר למשתכן","חלק ב חוזה אינסטלציה.msg",""
"נס ציונה מחיר למשתכן","חוזה מתכנן מעליות.msg",""
"נס ציונה מחיר למשתכן","1חוזה מתכנן אינסטלציה.msg",""
"נס ציונה מחיר למשתכן","חוזה אלומיניום חתום עבור פרויקט נס ציונה מחיר למשתכן.pdf",""
"נצר סירני","חוזה יועץ איטום.pdf",""
"נס ציונה מחיר למשתכן","חוזה מתכנן אינסטלציה (1).msg",""
"נס ציונה מחיר למשתכן","חוזה אדריכל נוף (1).msg",""
"נצר סירני","חוזה אדריכל מגורים ושטחי תעסוקה1.msg",""
"נצר סירני","בניין 31 - חוזה יועץ בניה ירוקה ותרמי.pdf",""
"נצר סירני","חוזה אדריכל מגורים ושטחי תעסוקה.msg",""
"נצר סירני","חוזה אדריכלות נוף.msg",""
"נצר סירני","חוזה יועץ בטיחות אש.msg",""
"נצר סירני","חוזה מתכנן אלומניום.pdf",""
"נצר סירני","חוזה מתכנן מיגון ומקלוט.msg",""
"נצר סירני","חוזה מתכנן קונסטרוקציה.msg",""
"נצר סירני","בניין 31 - חוזה יועץ אינסטלציה.pdf",""
"נרקיסים","הסכם מתכנן נגישות מוריס גוליאק.msg",""
"נרקיסים","ע לבני הנדסת אקוסטיקה אישור ביטוח.msg",""
"נרקיסים","קונסטרוקציה.msg",""
"נרקיסים","הסכם מתכנן מיכאל גינזברג.msg",""
"נשר","הסכם יועץ אדריכלות נוף.msg",""
"נשר","חוזה.pdf",""
"נשר","חוזה מתכנן אלומניום אגמי כרמל.pdf",""
"נתניה - מגרש 1409","חוזה מתכנן אינסטלציה רוזנברג פת.pdf",""
"נתניה - מגרש 1409","חוזה מתכנן מיזוג אוויר מתחם רוזנברג פת.pdf",""
"נתניה - מגרש 1409","חוזה מתכנן אינסטלציה  מגרש 1409.pdf",""
"נתניה - מגרש 1409","מיזוג אוויר.pdf",""
"נתניה - מגרש 1409","מתכנן איסטלציה.pdf",""
"נתניה - מגרש 1409","אדריכל נוף.pdf",""
"נתניה - מגרש 1409","גלאור.msg",""
"נתניה - מגרש 1409","חוזה אדריכל גלאור פישביין.msg",""
"נצר סירני","חוזה מתכנן מעליות (1).msg",""
"נצר סירני","חוזה יועץ ביסוס קרקע (1).msg",""
"נצר סירני","חוזה מתכנן חשמל ותקשורת (1).msg",""
"נתניה 542","חוזה הידרולוג.pdf",""
"נתניה 542","חוזה יועץ ביסוס וקרקע.pdf",""
"נתניה 542","חוזה חברת ניהול ופיקוח.pdf",""
"נתניה 542","חוזה יועץ פינוי אשפה 1.pdf",""
"נתניה 542","חוזה יועץ פינוי אשפה.pdf",""
"נתניה 542","חוזה מתכנן חשמל ותקשורת - נתניה 542 מתחם 3.pdf",""
"נתניה 542","חוזה מתכנן מעליות.pdf",""
"נתניה 542","חוזה מתכנן תנועה 1.pdf",""
"נתניה 542","חוזה מתכנן תנועה.pdf",""
"נתניה 542","חברת ניהול.pdf",""
"נתניה 542","חוזה אדריכל ושטחי מסחר.pdf",""
"נתניה 542","חוזה אדריכל נוף 1.pdf",""
"נתניה 542","חוזה אדריכל נוף.pdf",""
"נתניה 542","חוזה הדרולוג.pdf",""
"נתניה 542","חוזה בית וגג.pdf",""
"סביוני גבעת שמואל","חוזה אלומניום לנדמן.pdf",""
"סביוני גבעת שמואל","חוזה ביסוס קרקע 1006+1007.pdf",""
"סביוני גבעת שמואל","חוזה דיפון וחפירה 1006-1007.pdf",""
"סביוני גבעת שמואל","חוזה יועץ אשפה חתום עי טל פלב.msg",""
"סביוני גבעת שמואל","חוזה יועץ אשפה.msg",""
"סביוני גבעת שמואל","חוזה יועץ בטיחות אלי כחלון.msg",""
"סביוני גבעת שמואל","חוזה יועץ בניה ירוקה איכות סביבה ותרמי.pdf",""
"סביוני גבעת שמואל","חוזה יועץ ואחזקת מבנים.pdf",""
"סביוני גבעת שמואל","חוזה גבעת שמואל דניה סיבוס.pdf",""
"סביוני גבעת שמואל","חוזה יועץ סופרפוזיציה.pdf",""
"סביוני גבעת שמואל","חוזה מגרשים 1006-1007.pdf",""
"סביוני גבעת שמואל","חוזה לוסטינג ויתקין.pdf",""
"סביוני גבעת שמואל","חוזה מיזוג אוויר מאיר לוסקי.pdf",""
"סביוני גבעת שמואל","חוזה מנהל בים תיאום מערכות.pdf",""
"סביוני גבעת שמואל","חוזה מעצב פנים 1006-1007.pdf",""
"סביוני גבעת שמואל","חוזה מעצב פנים.pdf",""
"סביוני גבעת שמואל","חוזה מתכנן מיגון ומקלוט.pdf",""
"סביוני גבעת שמואל","חוזה מתכנן מיזוג אוויר .msg",""
"סביוני גבעת שמואל","חוזה רמאור.pdf",""
"סביוני גבעת שמואל","חוזה תוכניות אינסטלציה.pdf",""
"סביוני גבעת שמואל","תוספת להסכם חב ניהול ופיקוח מרגולין.msg",""
"סביוני גבעת שמואל","חוזה תכנון 1006+1007.pdf",""
"סביוני גבעת שמואל","אלי כחלון בטיחות.pdf",""
"סביוני גבעת שמואל","חוזה אחראי ביקורת - גבעת שמואל 1001 1005.pdf",""
"סביוני גבעת שמואל","חוזה אחראי לביקורת 1004.pdf",""
"סביוני גבעת שמואל","חוזה מתכנן קונסטרוקציה (1).pdf",""
"נתניה 542","חוזה אדריכל מגורים ושטחי מסחר (1).pdf",""
"סביוני גבעת שמואל","חוזה הידרולוג (1).pdf",""
"סביוני גבעת שמואל","חוזה אדריכל מגורים ושטחי מסחר (2).pdf",""
"סביוני גבעת שמואל","חוזה מתכנן תנועה (1).pdf",""
"סביוני גבעת שמואל","חוזה אדריכל נוף (1).pdf",""
"סביוני רעננה צפון","חוזה אדריכל ראשי.msg",""
"סביוני רעננה צפון","חוזה מתכנן מיגון ומקלט.msg",""
"סביוני רעננה צפון","חוזה מתכנן חשמל סביוני רעננה.msg",""
"סביוני רעננה צפון","חוזה מתכנן מיזוג אוויר.msg",""
"סביוני רעננה צפון","חוזה מתכנן קונסטרוקציה .msg",""
"סביוני רעננה צפון","רעננה הסכם אדריכל מלווה.pdf",""
"סביוני רעננה צפון","הסכם יועץ בנייה ירוקה ESD  פיתוח סביבה וקיימות.msg",""
"סביוני רעננה צפון","הסכם מתכנן מג אקוסטיקה.msg",""
"סביוני רעננה צפון","הסכם מתכנן מערכת הגז לספק ציוד פזגז ללא תרומה.msg",""
"סביוני שהם - מחיר למשתכן","הזמנת עבודה חברת ניהול ואחזקה חברת צוקים.msg",""
"סביוני רעננה צפון","חוזה יועץ בטיחות (1).msg",""
"סביוני רעננה צפון","חוזה מתכנן אינסטלציה (2).msg",""
"סביוני רעננה צפון","חוזה מתכנן תנועה (1).msg",""
"סביוני רעננה צפון","חוזה אדריכל נוף (2).msg",""
"סומייל","חוזה מתכנן שילוט סמל דרום.msg",""
"סומייל","חוזה פיקוח עבודות עוגנים.msg",""
"סומייל","חוזה עבודות אלומניום מפרטים טכניים.pdf",""
"סומייל","נספח יב נספח שינויים תוספת להסכם  23 מרץ 2014.msg",""
"סומייל","נספח שינויים י פרידמן יועץ בטיחות.msg",""
"סומייל","נספח שינויים יועץ אינסטלציה גלבוע.msg",""
"סומייל","שפח תוספת לחוזה קבלן ראשי.pdf",""
"סומייל","תוספות.msg",""
"סומייל","קבלן אלומניום.pdf",""
"סומייל","תוספת 3 להסכם קבלן לביצוע עבודות דיפון חפירה ועבודות שונות סמל דרום.msg",""
"סומייל","תוספת להסכם 1.msg",""
"סומייל","תוספת להסכם 2.msg",""
"סומייל","תוספת להסכם 3.msg",""
"סומייל","תוספת להסכם מיום 3 באוגוסט 2021.msg",""
"סומייל","תוספת לחוזה קבלן ראשי.pdf",""
"סומייל","חוזה יועץ דלק.msg",""
"סומייל","חוזה יועץ פירזול סמל דרום.msg",""
"סומייל","חוזה יועץ תאורה דקורטיבית סמל דרום.msg",""
"סומייל","חוזה מעצב פנים סמל דרום.msg",""
"סומייל","חוזה יועץ אקוסטיקה סמל צפון מגרשים 122 ו 123.msg",""
"סומייל","חוזה יועץ בטיחות אש סמל צפון 122 ו123.msg",""
"סומייל","חוזה יועץ ביסוס וקרקע סמל צפון 122 ו123.msg",""
"סומייל","חוזה יועץ מיגון ומקלוט סמל צפון מגרשים 122 ו123.msg",""
"סומייל","חוזה יועץ בניה ירוקה ותרמי איכות הסביבה ואשפה סמל צפון  122 ו123.msg",""
"סומייל","חוזה יועץ נגישות סמל צפון מגרשים 122 ו123.msg",""
"סומייל","חוזה יועץ קרינה אלקרו מגנטית.msg",""
"סומייל","חוזה מתכנן חשמל מנמ תקשורת ותאורה סמל צפון מגרשים 122 ו123.msg",""
"סומייל","חוזה מתכנן אינסטלציה כיבוי אש ותיאום הנדסי סמל צפון מגרשים 122 ו123.msg",""
"סומייל","חוזה מתכנן מיזוג אויר סמל צפון 122 ו123.msg",""
"סומייל","חוזה מתכנן מעליות סמל צפון מגרשים 122 ו123.msg",""
"סומייל","חוזה מתכנן תנועה סמל צפון 122ו 123.msg",""
"סומייל","חוזה מתכנן קונסטרוקציה מגרשים 122 ו123.msg",""
"סומייל","תוספת לחוזה קבלן חפירה ודיפון.pdf",""
"סומייל","גאודניה תוספת לחוזה.pdf",""
"סומייל","חוזה אדריכל ראשי סמל צפון מגרשים 122 ו123.msg",""
"סומייל","חוזה אדריכל נוף סמל צפון מגרשים 122 ו123.msg",""
"סומייל","חוזה הידרולוג.msg",""
"סומייל","חוזה חברת ניהול ופיקוח פרויקטים מגרשים 122 ו123.msg",""
"סמל צפון מגרש 123","חוזה יועץ כמויות ועורך מכרזים.pdf",""
"סמל צפון מגרש 123","חוזה יועץ חשב כמויות ועורך מכרזים.pdf",""
"סמל צפון מגרש 123","חוזה יועץ קרינה אלקטרו מגנטית.pdf",""
"סמל צפון מגרש 123","חוזה יועץ רווחת דיירים.pdf",""
"סמל צפון מגרש 123","חוזה יועץ רווחת דיירים2.pdf",""
"סמל צפון מגרש 123","חוזה מתכנן דלק.pdf",""
"סמל צפון מגרש 123","צו התחלת עבודה עבור תיעוד מבנים סמוכים.pdf",""
"סמל צפון מגרש 123","חוזה יועץ אדריכלות פנים מבנה ציבור.pdf",""
"סמל צפון מגרש 123","חוזה יועץ ביטחון ובקרת כניסה.pdf",""
"סמל צפון מגרש 123","חוזה יועץ בקרה ותכנון חניונים.pdf",""
"סמל צפון מגרש 123","חוזה יועץ בריכה אקולוגית ומערפלים.pdf",""
"רוטשילד חיפה","חוזה יועץ איטום מתחםABC.pdf",""
"רוטשילד חיפה","חוזה יועץ בטיחות.pdf",""
"רוטשילד חיפה","חוזה יועץ מיגון ומקלוט.pdf",""
"רוטשילד חיפה","חוזה יועץ נגישות.pdf",""
"רוטשילד חיפה","חוזה מנהל בים.pdf",""
"רוטשילד חיפה","חוזה ייעוץ ביסוס.pdf",""
"רוטשילד חיפה","חוזה מתכנן אלומניום מתחם ABC.pdf",""
"רוטשילד חיפה","חוזה מתכנן אלומיניום ביתא רוטשילד חיפה פרלסיסטמם.pdf",""
"רוטשילד חיפה","חוזה מתכנן חשמל ותקשורת.pdf",""
"רוטשילד חיפה","חוזה מתכנן מיזוג אוויר.pdf",""
"רוטשילד חיפה","חוזה מתכנן קונסטרציה.pdf",""
"רוטשילד חיפה","מערכת פנומטית.pdf",""
"רוטשילד חיפה","אופק קידוחי קרקע.pdf",""
"רוטשילד חיפה","חוזה אדריכל ראשי  מתחם ABC.pdf",""
"רוטשילד חיפה","חוזה אדריכל ראשי מתחם ABC.pdf",""
"רוטשילד חיפה","חוזה יועץ איטום  חתום עי דוניץ.pdf",""
"רוטשילד חיפה","חוזה יועץ אקוסטיקה (1).pdf",""
"רוטשילד חיפה","חוזה מתכנן מעליות (1).pdf",""
"רוטשילד חיפה","חוזה מתכנן אינסטלציה (1).pdf",""
"רוטשילד חיפה","חוזה מתכנן תנועה (2).pdf",""
"רוטשילד חיפה","חוזה אדריכל נוף (2).pdf",""
"רוטשילד חיפה","חוזה מתכנן קונסטרוקציה (2).pdf",""
