OldContractNumber,OldFileName,OldFolderName,SiteName,docCreator,CostCompMethod,CostContractScope
CONT-10-2056,cbhhi 31 - חוזה מתכנן אינסטלציה.docx,נצר סירני,סביוני נצר סירני,meryle,למדידה,149550
CONT-10-2166,אדריכל השימור.docx,אולפני הרצליה,,germank,,
CONT-10-2335,אדריכלות נוף.docx,אולפני הרצליה,,germank,מחיר קבוע/פאושלי,
CONT-10-2387,אולפני הרצליה חוזה יועץ בטיחות   אלי כחלון.docx,אולפני הרצליה,אולפנים ,germank,,
CONT-10-2495,בדיקה רונן.docx,אופיס - אזור,אפריקה ישראל,,,
CONT-10-2052,בניין 31 - חוזה אדריכל נוף.docx,נצר סירני,סביוני נצר סירני,meryle,מחיר קבוע/פאושלי,130000
CONT-10-2005,בניין 31 - חוזה אדריכל.docx,נצר סירני,סביוני נצר סירני,meryle,למדידה,856350
CONT-10-2062,בניין 31 - חוזה חברת ניהול ופיקוח.docx,נצר סירני,סביוני נצר סירני,meryle,מחיר קבוע/פאושלי,905000
CONT-10-2154,בניין 31 - חוזה יועץ איטום.docx,נצר סירני,סביוני נצר סירני,meryle,מחיר קבוע/פאושלי,23000
CONT-10-2065,בניין 31 - חוזה יועץ אקוסטיקה.docx,נצר סירני,סביוני נצר סירני,meryle,מחיר קבוע/פאושלי,27500
CONT-10-2051,בניין 31 - חוזה יועץ בטיחות.docx,נצר סירני,סביוני נצר סירני,meryle,מחיר קבוע/פאושלי,28000
CONT-10-2053,בניין 31 - חוזה יועץ ביסוס קרקע.docx,נצר סירני,סביוני נצר סירני,meryle,מחיר קבוע/פאושלי,14000
CONT-10-2153,בניין 31 - חוזה יועץ בניה ירוקה ותרמי.docx,נצר סירני,סביוני נצר סירני,meryle,מחיר קבוע/פאושלי,27500
CONT-10-2066,בניין 31 - חוזה יועץ נגישות.docx,נצר סירני,סביוני נצר סירני,meryle,מחיר קבוע/פאושלי,13850
CONT-10-2075,בניין 31 - חוזה יועץ סופרפוזיציה.docx,נצר סירני,סביוני נצר סירני,meryle,מחיר קבוע/פאושלי,70000
CONT-10-2068,בניין 31 - חוזה מנהל מודל.docx,נצר סירני,סביוני נצר סירני,meryle,מחיר קבוע/פאושלי,70000
CONT-10-2182,בניין 31 - חוזה מעצב פנים.docx,נצר סירני,סביוני נצר סירני,meryle,מחיר קבוע/פאושלי,68000
CONT-10-2057,בניין 31 - חוזה מתכנן אינסטלציה.docx,נצר סירני,סביוני נצר סירני,meryle,למדידה,149550
CONT-10-2110,בניין 31 - חוזה מתכנן אלומיניום.docx,נצר סירני,סביוני נצר סירני,meryle,מחיר קבוע/פאושלי,58000
CONT-10-2063,בניין 31 - חוזה מתכנן חשמל ותקשורת.docx,נצר סירני,סביוני נצר סירני,meryle,למדידה,90860
CONT-10-2067,בניין 31 - חוזה מתכנן מיגון ומקלוט.docx,נצר סירני,סביוני נצר סירני,meryle,מחיר קבוע/פאושלי,9000
CONT-10-2058,בניין 31 - חוזה מתכנן מיזוג אוויר.docx,נצר סירני,סביוני נצר סירני,meryle,מחיר קבוע/פאושלי,88000
CONT-10-2064,בניין 31 - חוזה מתכנן מעליות.docx,נצר סירני,,meryle,למדידה,17600
CONT-10-2011,בניין 31 - חוזה מתכנן קונסטרוקציה.docx,נצר סירני,סביוני נצר סירני,meryle,למדידה,296250
CONT-10-2054,בניין 31 - חוזה מתכנן תנועה.docx,נצר סירני,סביוני נצר סירני,meryle,מחיר קבוע/פאושלי,80000
CONT-10-1814,הוראות למוזמנים להגיש הצעת מחיר.docx,סומייל,,Rinath,,
CONT-10-1846,הסכם מתכנן- אינסטלציה וספרינקלרים - 2 4 19.docx,אנדריוס,אנדריוס ,avic,,
CONT-10-2353,הרצליה חוזה מתכנן אינסטלציה זיו גלמור 06.02.2024.docx,אולפני הרצליה,אולפנים,germank,מחיר קבוע/פאושלי,548340
CONT-10-2352,הרצליה חוזה מתכנן חשמל ותקשורת 06.02.2024.docx,אולפני הרצליה,הקמת 150 יח''ד ומסחר ,germank,מחיר קבוע/פאושלי,234000
CONT-10-2354,הרצליה חוזה מתכנן מיזוג אוויר זיו גלמור 06.02.2024.docx,אולפני הרצליה,,germank,מחיר קבוע/פאושלי,396605
CONT-10-1859,חוזה אגרונום.docx,סומייל,,Rinath,,
CONT-10-1867,חוזה אגרונום.docx,סמל צפון מגרש 123,,Rinath,,
CONT-10-2325,חוזה אגרונום.docx,רוטשילד חיפה,,kooksec,,
CONT-10-2467,חוזה אגרונום.docx,דרך השלום - תא,אפריקה ישראל,,,
CONT-10-2307,חוזה אדריכל - ראשי.docx,רוטשילד חיפה,,kooksec,,
CONT-10-2343,חוזה אדריכל בית הכנסת.docx,הכוזרי - הרצליה,,meryle,מחיר קבוע/פאושלי,175000
CONT-10-1997,חוזה אדריכל ג גור למגרשים סופי.docx,נשר,( טרם ניתן שם לפרויקט ) בעיר נשר,avic,מחיר קבוע/פאושלי,
CONT-10-1845,חוזה אדריכל מגורים ושטחי מסחר.docx,נס ציונה מחיר למשתכן,נס ציונה מחיר למשתכן,avibe,מחיר קבוע/פאושלי,1686000
CONT-10-2332,חוזה אדריכל מגורים ושטחי מסחר.docx,הכוזרי - הרצליה,הכוזרי הרצליה,meryle,מחיר קבוע/פאושלי,1086500
CONT-10-2445,חוזה אדריכל מגורים ושטחי מסחר.docx,מורדות ארנונה,,kooksec,מחיר קבוע/פאושלי,
CONT-10-367,חוזה אדריכל מסחירי 1.docx,סביוני גליל ים,גליל ים,michak,מחיר קבוע/פאושלי,300000
CONT-10-1879,חוזה אדריכל נוף.docx,נס ציונה מחיר למשתכן,נס ציונה מחיר למשתכן,kooksec,מחיר קבוע/פאושלי,118800
CONT-10-1899,חוזה אדריכל נוף.docx,סביוני רעננה צפון,סביוני רעננה צפון,germank,מחיר קבוע/פאושלי,157000
CONT-10-2000,חוזה אדריכל נוף.docx,מורדות ארנונה,,,,
CONT-10-2096,חוזה אדריכל נוף.docx,גבעת הכלניות - קרית אתא,,avic,מחיר קבוע/פאושלי,
CONT-10-2141,חוזה אדריכל נוף.docx,נתניה - מגרש 1409,,dekelr,מחיר קבוע/פאושלי,115000
CONT-10-2234,חוזה אדריכל נוף.docx,רמת שרת שלב ב,רמת שרת שלב ב,kooksec,מחיר קבוע/פאושלי,88000
CONT-10-2308,חוזה אדריכל נוף.docx,רוטשילד חיפה,,kooksec,,
CONT-10-2367,חוזה אדריכל נוף.docx,אופיס - אזור,אופיס אזור,kooksec,מחיר קבוע/פאושלי,190000
CONT-10-2365,חוזה אדריכל ראש1.docx,אופיס - אזור,אופיס אזור,kooksec,מחיר קבוע/פאושלי,
CONT-10-1872,חוזה אדריכל ראשי.docx,נס ציונה מחיר למשתכן,,kooksec,מחיר קבוע/פאושלי,1686000
CONT-10-1897,חוזה אדריכל ראשי.docx,סביוני רעננה צפון,סביוני רעננה צפון,germank,מחיר קבוע/פאושלי,1280300
CONT-10-1914,חוזה אדריכל ראשי.docx,מורדות ארנונה,מורדות ארנונה,kooksec,מחיר קבוע/פאושלי,
CONT-10-1923,חוזה אדריכל ראשי.docx,,,avic,,
CONT-10-1924,חוזה אדריכל ראשי.docx,אנדריוס,נשר,avic,מחיר קבוע/פאושלי,
CONT-10-1927,חוזה אדריכל ראשי.docx,נשר,( טרם ניתן שם לפרויקט ) בעיר נשר,avic,מחיר קבוע/פאושלי,
CONT-10-1996,חוזה אדריכל ראשי.docx,נתניה - מגרש 1409,נתניה - מגרש 1409,dekelr,מחיר קבוע/פאושלי,1128000
CONT-10-2305,חוזה אדריכל ראשי.docx,רמת שרת,,kooksec,,
CONT-10-2306,חוזה אדריכל ראשי.docx,רוטשילד חיפה,,kooksec,,
CONT-10-2249,חוזה אחראי לביקורת פרויקטים.docx,נצר סירני,,kooksec,מחיר קבוע/פאושלי,127000
CONT-10-2255,חוזה אחראי לביקורת פרויקטים.docx,בית מפאי,"בית מפא""י",kooksec,מחיר קבוע/פאושלי,127000
CONT-10-2372,חוזה איתור תשתיות.docx,אופיס - אזור,אופיס אזור,kooksec,מחיר קבוע/פאושלי,37300
CONT-10-1998,חוזה ג גור מחוץ למגרשים בינוי נשר.docx,נשר,נשר,avic,,
CONT-10-1917,חוזה הידרולוג.docx,נס ציונה מחיר למשתכן,נס ציונה מחיר למשתכן,kooksec,מחיר קבוע/פאושלי,11500
CONT-10-2111,חוזה הידרולוג.docx,מורדות ארנונה,"מורדות ארנונה, ",,,
CONT-10-2163,חוזה הידרולוג.docx,גבעת הכלניות - קרית אתא,גבעת הכלניות,avic,מחיר קבוע/פאושלי,
CONT-10-2190,חוזה הידרולוג.docx,נשר,רוקי,avic,,
CONT-10-2326,חוזה הידרולוג.docx,רוטשילד חיפה,,kooksec,,
CONT-10-2375,חוזה הידרולוג.docx,אופיס - אזור,אופיס אזור,kooksec,מחיר קבוע/פאושלי,60000
CONT-10-2474,חוזה הידרולוג.docx,דרך השלום - תא,,kooksec,מחיר קבוע/פאושלי,
CONT-10-2050,חוזה חברת ניהול ופיקוח פרויקטים - טיוטה.docx,נתניה - מגרש 1409,,dekelr,מחיר קבוע/פאושלי,
CONT-10-2368,חוזה חברת ניהול ופיקוח פרויקטים חדש.docx,מורדות ארנונה,מורדות ארנונה,kooksec,,
CONT-10-2392,חוזה חברת ניהול ופיקוח פרויקטים פאי הנדסה גני יהודה.docx,,,germank,,
CONT-10-1870,חוזה חברת ניהול ופיקוח פרויקטים.docx,נס ציונה מחיר למשתכן,נס ציונה מחיר למשתכן,kooksec,אחוז מהעלות,1944000
CONT-10-1981,חוזה חברת ניהול ופיקוח פרויקטים.docx,מורדות ארנונה,מורדות ארנונה,,,
CONT-10-2156,חוזה חברת ניהול ופיקוח פרויקטים.docx,רמת שרת שלב ב,רמת שרת,,,
CONT-10-2164,חוזה חברת ניהול ופיקוח פרויקטים.docx,נשר,פרויקט ,avic,,
CONT-10-2323,חוזה חברת ניהול ופיקוח פרויקטים.docx,רוטשילד חיפה,,kooksec,,
CONT-10-2329,חוזה חברת ניהול ופיקוח פרויקטים.docx,הכוזרי - הרצליה,הכוזרי הרצליה,meryle,מחיר קבוע/פאושלי,2650000
CONT-10-1916,חוזה יועץ איטום.docx,נס ציונה מחיר למשתכן,נס ציונה מחיר למשתכן,kooksec,מחיר קבוע/פאושלי,42000
CONT-10-2100,חוזה יועץ איטום.docx,גבעת הכלניות - קרית אתא,גבעת הכלניות,avic,מחיר קבוע/פאושלי,55000
CONT-10-2146,חוזה יועץ איטום.docx,נתניה - מגרש 1409,,dekelr,מחיר קבוע/פאושלי,11800
CONT-10-2174,חוזה יועץ איטום.docx,נשר,נשר,avic,מחיר קבוע/פאושלי,
CONT-10-2189,חוזה יועץ איטום.docx,מורדות ארנונה,מורדות ארנונה,kooksec,מחיר קבוע/פאושלי,46000
CONT-10-2247,חוזה יועץ איטום.docx,רמת שרת שלב ב,רמת שרת שלב ב,kooksec,מחיר קבוע/פאושלי,78500
CONT-10-2313,חוזה יועץ איטום.docx,רוטשילד חיפה,,kooksec,,
CONT-10-2468,חוזה יועץ איטום.docx,דרך השלום - תא,,kooksec,,
CONT-10-1881,חוזה יועץ אקוסטיקה.docx,נס ציונה מחיר למשתכן,נס ציונה מחיר למשתכן,kooksec,,34000
CONT-10-1933,חוזה יועץ אקוסטיקה.docx,אנדריוס,אנדריוס,avic,,
CONT-10-1999,חוזה יועץ אקוסטיקה.docx,סביוני רעננה צפון,רעננה ,germank,מחיר קבוע/פאושלי,28000
CONT-10-2004,חוזה יועץ אקוסטיקה.docx,מורדות ארנונה,מורדות ארנונה,,,
CONT-10-2102,חוזה יועץ אקוסטיקה.docx,גבעת הכלניות - קרית אתא,,avic,מחיר קבוע/פאושלי,63000
CONT-10-2148,חוזה יועץ אקוסטיקה.docx,נתניה - מגרש 1409,,dekelr,מחיר קבוע/פאושלי,22000
CONT-10-2185,חוזה יועץ אקוסטיקה.docx,נשר,נשר,avic,מחיר קבוע/פאושלי,
CONT-10-2269,חוזה יועץ אקוסטיקה.docx,רמת שרת שלב ב,רמת שרת שלב ב,kooksec,מחיר קבוע/פאושלי,420000
CONT-10-2318,חוזה יועץ אקוסטיקה.docx,רוטשילד חיפה,,kooksec,,
CONT-10-2362,חוזה יועץ אקוסטיקה.docx,הכוזרי - הרצליה,הכוזרי הרצליה,meryle,מחיר קבוע/פאושלי,34000
CONT-10-2473,חוזה יועץ אקוסטיקה.docx,דרך השלום - תא,,kooksec,מחיר קבוע/פאושלי,
CONT-10-1900,חוזה יועץ בטיחות.docx,סביוני רעננה צפון,סביוני רעננה צפון,germank,מחיר קבוע/פאושלי,65000
CONT-10-1930,חוזה יועץ בטיחות.docx,פרויקט ניסיון,פרויקט ניסיון,einave,,
CONT-10-2003,חוזה יועץ בטיחות.docx,מורדות ארנונה,מורדות ארנונה,,,
CONT-10-2101,חוזה יועץ בטיחות.docx,גבעת הכלניות - קרית אתא,גבעת הכלניות,avic,מחיר קבוע/פאושלי,
CONT-10-2140,חוזה יועץ בטיחות.docx,נתניה - מגרש 1409,,dekelr,מחיר קבוע/פאושלי,37170
CONT-10-2171,חוזה יועץ בטיחות.docx,נשר,נשר,avic,מחיר קבוע/פאושלי,
CONT-10-2180,חוזה יועץ בטיחות.docx,רמת שרת שלב ב,רמת שרת – מתחם דרומי,,,
CONT-10-2320,חוזה יועץ בטיחות.docx,רוטשילד חיפה,,kooksec,,
CONT-10-2356,חוזה יועץ בטיחות.docx,הכוזרי - הרצליה,הכוזרי הרצליה,meryle,מחיר קבוע/פאושלי,75400
CONT-10-2475,חוזה יועץ בטיחות.docx,דרך השלום - תא,,kooksec,מחיר קבוע/פאושלי,139080
CONT-10-2159,חוזה יועץ בידוד תרמי לוקח מכאן לירוק אנני גלר אביב.docx,גבעת הכלניות - קרית אתא,,avic,,
CONT-10-2198,חוזה יועץ בידוד תרמי.docx,נשר,נשר,avic,,
CONT-10-1869,חוזה יועץ ביסוס וקרקע.docx,נס ציונה מחיר למשתכן,,kooksec,,
CONT-10-1898,חוזה יועץ ביסוס וקרקע.docx,סביוני רעננה צפון,סביוני רעננה צפון,germank,מחיר קבוע/פאושלי,22500
CONT-10-2049,חוזה יועץ ביסוס קרקע.docx,מורדות ארנונה,מורדות ארנונה,,,
CONT-10-2098,חוזה יועץ ביסוס קרקע.docx,גבעת הכלניות - קרית אתא,גבעת הכלניות,avic,מחיר קבוע/פאושלי,
CONT-10-2144,חוזה יועץ ביסוס קרקע.docx,נתניה - מגרש 1409,,dekelr,מחיר קבוע/פאושלי,20160
CONT-10-2160,חוזה יועץ ביסוס קרקע.docx,רמת שרת שלב ב,רמת שרת שלב ב' ,,,
CONT-10-2373,חוזה יועץ ביסוס קרקע.docx,הכוזרי - הרצליה,הכוזרי הרצליה,meryle,מחיר קבוע/פאושלי,41020
CONT-10-2157,חוזה יועץ בניה ירוקה ויעוץ תרמי.docx,גבעת הכלניות - קרית אתא,גבעת הכלניות,avic,מחיר קבוע/פאושלי,144000
CONT-10-2197,חוזה יועץ בניה ירוקה ותרמי.docx,נשר,נשר,avic,מחיר קבוע/פאושלי,
CONT-10-1920,חוזה יועץ בניה ירוקה.docx,נס ציונה מחיר למשתכן,נס ציונה מחיר למשתכן,kooksec,מחיר קבוע/פאושלי,43200
CONT-10-1964,חוזה יועץ בניה ירוקה.docx,סביוני רעננה צפון,סביוני רעננה צפון,germank,מחיר קבוע/פאושלי,100000
CONT-10-2001,חוזה יועץ בניה ירוקה.docx,מורדות ארנונה,מורדות ארנונה,,,
CONT-10-2150,חוזה יועץ בניה ירוקה.docx,נתניה - מגרש 1409,,dekelr,מחיר קבוע/פאושלי,71900
CONT-10-2178,חוזה יועץ בניה ירוקה.docx,רמת שרת שלב ב,רמת שרת מתחם דרומי,,,
CONT-10-2319,חוזה יועץ בניה ירוקה.docx,רוטשילד חיפה,,kooksec,,
CONT-10-2382,חוזה יועץ בניה ירוקה.docx,אופיס - אזור,אופיס אזור,kooksec,מחיר קבוע/פאושלי,18000
CONT-10-1939,חוזה יועץ מיגון ומקלוט.docx,נס ציונה מחיר למשתכן,נס ציונה מחיר למשתכן,kooksec,מחיר קבוע/פאושלי,19440
CONT-10-2093,חוזה יועץ נגישות.docx,נס ציונה מחיר למשתכן,נס ציונה,,,
CONT-10-2103,חוזה יועץ נגישות.docx,גבעת הכלניות - קרית אתא,גבעת הכלניות,avic,מחיר קבוע/פאושלי,
CONT-10-2143,חוזה יועץ נגישות.docx,נתניה - מגרש 1409,,dekelr,מחיר קבוע/פאושלי,21420
CONT-10-2152,חוזה יועץ נגישות.docx,מורדות ארנונה,מורדות ארנונה,,,
CONT-10-2173,חוזה יועץ נגישות.docx,נשר,נשר,avic,מחיר קבוע/פאושלי,
CONT-10-2244,חוזה יועץ נגישות.docx,רמת שרת,רמת שרת שלב ב,kooksec,מחיר קבוע/פאושלי,14742
CONT-10-2248,חוזה יועץ נגישות.docx,רמת שרת שלב ב,רמת שרת שלב ב,kooksec,מחיר קבוע/פאושלי,14742
CONT-10-2316,חוזה יועץ נגישות.docx,רוטשילד חיפה,,kooksec,,
CONT-10-2420,חוזה יועץ ניהול ואחזקת מבנים.docx,מורדות ארנונה,אפריקה ישראל,,,
CONT-10-2070,חוזה יועץ סופרפוזיציה.docx,סביוני רעננה צפון,,germank,מחיר קבוע/פאושלי,86250
CONT-10-2199,חוזה יועץ פינוי אשפה טיוטא מופיע בירוקה.docx,נשר,נשר,avic,,
CONT-10-2002,חוזה יועץ פינוי אשפה.docx,מורדות ארנונה,מורדות ארנונה,,,
CONT-10-2145,חוזה יועץ פינוי אשפה.docx,נתניה - מגרש 1409,,dekelr,מחיר קבוע/פאושלי,22000
CONT-10-2315,חוזה יועץ פינוי אשפה.docx,רוטשילד חיפה,,kooksec,,
CONT-10-2374,חוזה יועץ פינוי אשפה.docx,אופיס - אזור,אופיס אזור,kooksec,מחיר קבוע/פאושלי,97000
CONT-10-1941,חוזה יועץ קרינה אלקטרו.docx,,נס ציונה מחיר למשתכן,kooksec,,18800
CONT-10-2195,חוזה יועץ קרינה אלקטרו.docx,נשר,נשר,avic,מחיר קבוע/פאושלי,
CONT-10-2261,חוזה יועץ קרינה אלקטרו.docx,רמת שרת שלב ב,רמת שרת שלב ב,kooksec,מחיר קבוע/פאושלי,111583
CONT-10-2333,חוזה יועץ קרינה אלקטרו.docx,הכוזרי - הרצליה,,meryle,,
CONT-10-1940,חוזה מודד.docx,נס ציונה מחיר למשתכן,נס ציונה מחיר למשתכן,kooksec,מחיר קבוע/פאושלי,18800
CONT-10-2324,חוזה מנהל מוד1.docx,רוטשילד חיפה,,kooksec,,
CONT-10-2402,חוזה מנהל מודל בים ותיאום מערכות.docx,הכוזרי - הרצליה,הכוזרי הרצליה,meryle,מחיר קבוע/פאושלי,288409
CONT-10-2069,חוזה מנהל מודל.docx,סביוני רעננה צפון,,germank,מחיר קבוע/פאושלי,86250
CONT-10-2091,חוזה מנהל מודל.docx,מורדות ארנונה,מורדות ארנונה,,,
CONT-10-2183,חוזה מנהל מודל.docx,נשר,שם אתר,avic,מחיר קבוע/פאושלי,
CONT-10-2196,חוזה מנהל מודל.docx,רמת שרת שלב ב,רמת שרת שלב ב,kooksec,,
CONT-10-1919,חוזה מעצב פנים.docx,נס ציונה מחיר למשתכן,נס ציונה מחיר למשתכן,kooksec,מחיר קבוע/פאושלי,76000
CONT-10-1967,חוזה מעצב פנים.docx,נרקיסים,נרקיסים,germank,מחיר קבוע/פאושלי,262000
CONT-10-2328,חוזה מעצב פנים.docx,רמת שרת,רמת שרת שלב ב,kooksec,מחיר קבוע/פאושלי,135000
CONT-10-2381,חוזה מעצב פנים.docx,מורדות ארנונה,מורדות ארנונה,kooksec,מחיר קבוע/פאושלי,
CONT-10-2181,חוזה מתכנן איוורור ו  מיזוג אוויר.docx,נשר,נשר,avic,מחיר קבוע/פאושלי,
CONT-10-2104,חוזה מתכנן איוורור ומיזוג אוויר.docx,גבעת הכלניות - קרית אתא,גבעת הכלניות,avic,מחיר קבוע/פאושלי,
CONT-10-1937,חוזה מתכנן אינסטלציה 26.08.2020.docx,סביוני רעננה צפון,סביוני רעננה צפון,germank,מחיר קבוע/פאושלי,252400
CONT-10-1404,חוזה מתכנן אינסטלציה.docx,אנדריוס,אנדריוס ,avic,מחיר קבוע/פאושלי,
CONT-10-1880,חוזה מתכנן אינסטלציה.docx,נס ציונה מחיר למשתכן,נס ציונה מחיר למשתכן,kooksec,מחיר קבוע/פאושלי,
CONT-10-1912,חוזה מתכנן אינסטלציה.docx,סביוני רעננה צפון,סביוני רעננה צפון,germank,מחיר קבוע/פאושלי,252400
CONT-10-1984,חוזה מתכנן אינסטלציה.docx,מורדות ארנונה,מורדות ארנונה,,,
CONT-10-2081,חוזה מתכנן אינסטלציה.docx,נתניה - מגרש 1409,נתניה - מגרש 1409,dekelr,מחיר קבוע/פאושלי,163800
CONT-10-2082,חוזה מתכנן אינסטלציה.docx,גבעת הכלניות - קרית אתא,גבעת הכלניות,avic,מחיר קבוע/פאושלי,
CONT-10-2175,חוזה מתכנן אינסטלציה.docx,נשר,נשר,avic,מחיר קבוע/פאושלי,
CONT-10-2187,חוזה מתכנן אינסטלציה.docx,רמת שרת שלב ב,רמת שרת שלב ב,kooksec,מחיר קבוע/פאושלי,503700
CONT-10-2309,חוזה מתכנן אינסטלציה.docx,רוטשילד חיפה,,kooksec,,
CONT-10-2370,חוזה מתכנן אינסטלציה.docx,אופיס - אזור,אופיס אזור,kooksec,מחיר קבוע/פאושלי,186000
CONT-10-392,חוזה מתכנן אלומיניום.docx,גליל ים מחיר למשתכן,סביוני גליל ים - מחיר למשתכן,michak,מחיר קבוע/פאושלי,171400
CONT-10-1883,חוזה מתכנן אלומיניום.docx,נס ציונה מחיר למשתכן,נס ציונה מחיר למשתכן,kooksec,מחיר קבוע/פאושלי,89700
CONT-10-1942,חוזה מתכנן אלומיניום.docx,בית מפאי,"בית מפא""י",kooksec,מחיר קבוע/פאושלי,
CONT-10-1969,חוזה מתכנן אלומיניום.docx,נרקיסים,נרקיסים,germank,מחיר קבוע/פאושלי,155120
CONT-10-2147,חוזה מתכנן אלומיניום.docx,נתניה - מגרש 1409,,dekelr,מחיר קבוע/פאושלי,76482
CONT-10-2193,חוזה מתכנן אלומיניום.docx,גבעת הכלניות - קרית אתא,גבעת הכלניות,avic,מחיר קבוע/פאושלי,
CONT-10-2194,חוזה מתכנן אלומיניום.docx,נשר,,avic,מחיר קבוע/פאושלי,
CONT-10-2317,חוזה מתכנן אלומיניום.docx,רוטשילד חיפה,,kooksec,,
CONT-10-2359,חוזה מתכנן אלומיניום.docx,רמת שרת שלב ב,רמת שרת שלב ב,kooksec,מחיר קבוע/פאושלי,
CONT-10-2436,חוזה מתכנן אלומיניום.docx,הכוזרי - הרצליה,הכוזרי הרצליה,meryle,מחיר קבוע/פאושלי,80000
CONT-10-2472,חוזה מתכנן אלומיניום.docx,דרך השלום - תא,,kooksec,מחיר קבוע/פאושלי,
CONT-10-2371,חוזה מתכנן חשמל ותקשור1.docx,אופיס - אזור,אופיס אזור,kooksec,מחיר קבוע/פאושלי,175000
CONT-10-1968,חוזה מתכנן חשמל ותקשורת -29.10.2020 - ID1v1.DOCX,נשר,נשר,avic,,
CONT-10-1884,חוזה מתכנן חשמל ותקשורת.docx,נס ציונה מחיר למשתכן,נס ציונה מחיר למשתכן,kooksec,מחיר קבוע/פאושלי,185600
CONT-10-1938,חוזה מתכנן חשמל ותקשורת.docx,נשר,נשר,avic,,
CONT-10-1943,חוזה מתכנן חשמל ותקשורת.docx,סביוני רעננה צפון,הקמת 150 יח''ד ומסחר ,germank,מחיר קבוע/פאושלי,234000
CONT-10-1983,חוזה מתכנן חשמל ותקשורת.docx,מורדות ארנונה,מורדות ארנונה,,,
CONT-10-2083,חוזה מתכנן חשמל ותקשורת.docx,גבעת הכלניות - קרית אתא,,avic,מחיר קבוע/פאושלי,
CONT-10-2138,חוזה מתכנן חשמל ותקשורת.docx,נתניה - מגרש 1409,,dekelr,מחיר קבוע/פאושלי,81900
CONT-10-2162,חוזה מתכנן חשמל ותקשורת.docx,רמת שרת שלב ב,רמת שרת שלב ב,,,
CONT-10-2314,חוזה מתכנן חשמל ותקשורת.docx,רוטשילד חיפה,,kooksec,,
CONT-10-2360,חוזה מתכנן חשמל ותקשורת.docx,הכוזרי - הרצליה,הכוזרי הרצליה,meryle,מחיר קבוע/פאושלי,280900
CONT-10-1864,חוזה מתכנן מיגון ומקלוט.docx,סומייל,,Rinath,,
CONT-10-1866,חוזה מתכנן מיגון ומקלוט.docx,סמל צפון מגרש 123,,Rinath,,
CONT-10-1911,חוזה מתכנן מיגון ומקלוט.docx,סביוני רעננה צפון,150 יח''ד ומסחר,germank,מחיר קבוע/פאושלי,33900
CONT-10-2149,חוזה מתכנן מיגון ומקלוט.docx,נתניה - מגרש 1409,,dekelr,מחיר קבוע/פאושלי,12600
CONT-10-2176,חוזה מתכנן מיגון ומקלוט.docx,נשר,נשר,avic,מחיר קבוע/פאושלי,
CONT-10-2188,חוזה מתכנן מיגון ומקלוט.docx,מורדות ארנונה,מורדות ארנונה,kooksec,מחיר קבוע/פאושלי,
CONT-10-2298,חוזה מתכנן מיגון ומקלוט.docx,רמת שרת שלב ב,סביוני רמת שרת,,,
CONT-10-2322,חוזה מתכנן מיגון ומקלוט.docx,רוטשילד חיפה,,kooksec,,
CONT-10-2361,חוזה מתכנן מיגון ומקלוט.docx,הכוזרי - הרצליה,הכוזרי הרצליה,meryle,מחיר קבוע/פאושלי,25500
CONT-10-2469,חוזה מתכנן מיגון ומקלוט.docx,דרך השלום - תא,,kooksec,,
CONT-10-2384,חוזה מתכנן מיזוג אוויר - ניסיון.docx,רוטשילד חיפה,,ella.b,,
CONT-10-1399,חוזה מתכנן מיזוג אוויר.docx,אנדריוס,אנדריוס,avic,מחיר קבוע/פאושלי,563000
CONT-10-1915,חוזה מתכנן מיזוג אוויר.docx,נס ציונה מחיר למשתכן,נס ציונה מחיר למשתכן,kooksec,מחיר קבוע/פאושלי,99621
CONT-10-1931,חוזה מתכנן מיזוג אוויר.docx,פרויקט ניסיון,,einave,,
CONT-10-1934,חוזה מתכנן מיזוג אוויר.docx,סביוני רעננה צפון,סביוני רעננה צפון,germank,מחיר קבוע/פאושלי,198000
CONT-10-2137,חוזה מתכנן מיזוג אוויר.docx,נתניה - מגרש 1409,,dekelr,מחיר קבוע/פאושלי,89964
CONT-10-2235,חוזה מתכנן מיזוג אוויר.docx,רמת שרת שלב ב,רמת שרת שלב ב,kooksec,מחיר קבוע/פאושלי,
CONT-10-2236,חוזה מתכנן מיזוג אוויר.docx,מורדות ארנונה,מורדות ארנונה,kooksec,מחיר קבוע/פאושלי,425298
CONT-10-2311,חוזה מתכנן מיזוג אוויר.docx,רוטשילד חיפה,,kooksec,,
CONT-10-2476,חוזה מתכנן מעליו1.docx,דרך השלום - תא,,kooksec,מחיר קבוע/פאושלי,
CONT-10-1918,חוזה מתכנן מעליות.docx,נס ציונה מחיר למשתכן,נס ציונה מחיר למשתכן,kooksec,מחיר קבוע/פאושלי,9000
CONT-10-2029,חוזה מתכנן מעליות.docx,סביוני רעננה צפון,סביוני רעננה צפון,germank,מחיר קבוע/פאושלי,33000
CONT-10-2045,חוזה מתכנן מעליות.docx,מורדות ארנונה,מורדות ארנונה,,,
CONT-10-2097,חוזה מתכנן מעליות.docx,גבעת הכלניות - קרית אתא,,avic,מחיר קבוע/פאושלי,
CONT-10-2139,חוזה מתכנן מעליות.docx,נתניה - מגרש 1409,,dekelr,מחיר קבוע/פאושלי,24000
CONT-10-2170,חוזה מתכנן מעליות.docx,נשר,רויקט,avic,מחיר קבוע/פאושלי,
CONT-10-2184,חוזה מתכנן מעליות.docx,רמת שרת שלב ב,רמת שרת – מתחם דרומי,,,
CONT-10-2321,חוזה מתכנן מעליות.docx,רוטשילד חיפה,,kooksec,,
CONT-10-2355,חוזה מתכנן מעליות.docx,הכוזרי - הרצליה,הכוזרי הרצליה,meryle,מחיר קבוע/פאושלי,58500
CONT-10-2366,חוזה מתכנן מעליות.docx,אופיס - אזור,אופיס אזור,kooksec,מחיר קבוע/פאושלי,95746
CONT-10-1922,חוזה מתכנן קונסטרוקצי1.docx,אנדריוס,אנדריוס,avic,מחיר קבוע/פאושלי,1500000
CONT-10-1821,חוזה מתכנן קונסטרוקציה קרבן.docx,גבעת הכלניות - קרית אתא,,avic,,
CONT-10-1892,חוזה מתכנן קונסטרוקציה.docx,סביוני רעננה צפון,סביוני רעננה צפון,germank,מחיר קבוע/פאושלי,591250
CONT-10-1982,חוזה מתכנן קונסטרוקציה.docx,מורדות ארנונה,מורדות ארנונה,,,
CONT-10-1992,חוזה מתכנן קונסטרוקציה.docx,נשר,אגמי הכרמל ,avic,מחיר קבוע/פאושלי,
CONT-10-2107,חוזה מתכנן קונסטרוקציה.docx,נס ציונה מחיר למשתכן,נס ציונה מחיר למשתכן,kooksec,מחיר קבוע/פאושלי,
CONT-10-2136,חוזה מתכנן קונסטרוקציה.docx,נתניה - מגרש 1409,נתניה - מגרש 1409,dekelr,מחיר קבוע/פאושלי,478800
CONT-10-2186,חוזה מתכנן קונסטרוקציה.docx,רמת שרת שלב ב,רמת שרת שלב ב,kooksec,מחיר קבוע/פאושלי,668750
CONT-10-2310,חוזה מתכנן קונסטרוקציה.docx,רוטשילד חיפה,,kooksec,,
CONT-10-2344,חוזה מתכנן קונסטרוקציה.docx,הכוזרי - הרצליה,הכוזרי הרצליה,meryle,מחיר קבוע/פאושלי,865560
CONT-10-1970,חוזה מתכנן קונסטרוקציה1.docx,נרקיסים,נרקיסים,germank,מחיר קבוע/פאושלי,1384987
CONT-10-2334,חוזה מתכנן תנועה רקאוז חן הנדסת כבישים טיוטה 1.docx,אולפני הרצליה,הרצליה,germank,מחיר קבוע/פאושלי,311000
CONT-10-1874,חוזה מתכנן תנועה.docx,נס ציונה מחיר למשתכן,נס ציונה מחיר למשתכן,kooksec,מחיר קבוע/פאושלי,129000
CONT-10-1910,חוזה מתכנן תנועה.docx,סביוני רעננה צפון,סביוני רעננה צפון,germank,מחיר קבוע/פאושלי,205444
CONT-10-2012,חוזה מתכנן תנועה.docx,מורדות ארנונה,מורדות ארנונה,,,
CONT-10-2099,חוזה מתכנן תנועה.docx,גבעת הכלניות - קרית אתא,,avic,מחיר קבוע/פאושלי,230000
CONT-10-2142,חוזה מתכנן תנועה.docx,נתניה - מגרש 1409,,dekelr,מחיר קבוע/פאושלי,101740
CONT-10-2161,חוזה מתכנן תנועה.docx,רמת שרת שלב ב,רמת שרת שלב ב,,,
CONT-10-2300,חוזה מתכנן תנועה.docx,הכוזרי - הרצליה,הכוזרי הרצליה,ronen,מחיר קבוע/פאושלי,64500
CONT-10-2312,חוזה מתכנן תנועה.docx,רוטשילד חיפה,,kooksec,,
CONT-10-2369,חוזה מתכנן תנועה.docx,אופיס - אזור,אופיס אזור,kooksec,מחיר קבוע/פאושלי,532000
CONT-10-2092,חוזה נגישות.docx,נס ציונה מחיר למשתכן,נס ציונה מחיר למשתכן,kooksec,מחיר קבוע/פאושלי,118800
CONT-10-2297,יועץ בטיחות  הסכם.docx,נשר,נשר,avic,מחיר קבוע/פאושלי,
CONT-10-2480,יועץ ביסוס קרקע.docx,אולפני הרצליה,אולפני הרצליה,germank,,
CONT-10-2295,יועץ בניה ניסיון.docx,רוטשילד חיפה,,ronen,,
CONT-10-2071,יועץ נגישות רעננה.docx,סביוני רעננה צפון,,germank,מחיר קבוע/פאושלי,40000
CONT-10-2479,יועץ נגישות.docx,אולפני הרצליה,,germank,,
CONT-5-716,מכרז קבלן ראשי מגורים נשר שלב 1 2026.docx,נשר,נשר,avic,מחיר קבוע/פאושלי,
CONT-10-2158,ניהול תיאום ופיקוח אחים מרגולין רעננה.docx,סביוני רעננה צפון,סביוני רעננה צפון,germank,מחיר קבוע/פאושלי,
CONT-10-2458,ניסיון רונן.docx,שדרות הסביונים,,,,
CONT-10-1871,ניסיון1.docx,סביון במשתלה,ספייס 3,ronen,,
CONT-10-2108,סביוני גבעת שמואל - 1001 1005 - חוזה קבלן.docx,סביוני גבעת שמואל,גבעת שמואל,meryle,,
CONT-10-2191,סביוני גבעת שמואל - 1004-1005 - חוזה מעצב פנים.docx,סביוני גבעת שמואל,גבעת שמואל,meryle,מחיר קבוע/פאושלי,100000
CONT-10-2177,סביוני גבעת שמואל  1006-1007 - חוזה אדריכל.docx,סביוני גבעת שמואל,גבעת שמואל,meryle,למדידה,2398000
CONT-10-2393,סביוני גבעת שמואל - 1006-1007 - חוזה קבלן ראשי.docx,סביוני גבעת שמואל,גבעת שמואל,meryle,,
CONT-10-2276,סביוני גבעת שמואל - גמרשים 1006-1007 -חוזה יועץ בניה ירוקה ותרמי.docx,סביוני גבעת שמואל,גבעת שמואל,meryle,מחיר קבוע/פאושלי,101000
CONT-10-1403,סביוני גבעת שמואל - חוזה אדריכל מגורים ומסחרי.docx,סביוני גבעת שמואל,סביוני בעת שמואל,meryle,,
CONT-10-2167,סביוני גבעת שמואל - חוזה אחראי לביקורת.docx,סביוני גבעת שמואל,גבעת שמואל,meryle,מחיר קבוע/פאושלי,49600
CONT-10-1889,סביוני גבעת שמואל - חוזה הידרולוג.docx,סביוני גבעת שמואל,גבעת שמואל,meryle,מחיר קבוע/פאושלי,18800
CONT-10-1944,סביוני גבעת שמואל - חוזה יועץ בידוד תרמי.docx,סביוני גבעת שמואל,גבעת שמואל,meryle,מחיר קבוע/פאושלי,33000
CONT-10-2172,סביוני גבעת שמואל - חוזה יועץ נגישות - משה מנו.docx,סביוני גבעת שמואל,גבעת שמואל,meryle,מחיר קבוע/פאושלי,22000
CONT-10-1929,סביוני גבעת שמואל - חוזה יועץ נגישות.docx,סביוני גבעת שמואל,גבעת שמואל,meryle,מחיר קבוע/פאושלי,17100
CONT-10-1962,סביוני גבעת שמואל - חוזה יועץ פינוי אשפה.docx,סביוני גבעת שמואל,גבעת שמואל,meryle,מחיר קבוע/פאושלי,54000
CONT-10-2192,סביוני גבעת שמואל - מגרש 1004 - תאום מערכות.docx,סביוני גבעת שמואל,גבעת שמואל,meryle,מחיר קבוע/פאושלי,65600
CONT-10-2245,סביוני גבעת שמואל - מגרשים 1006-1007 - חוזה אדריכל נוף.docx,סביוני גבעת שמואל,גבעת שמואל,meryle,מחיר קבוע/פאושלי,220000
CONT-10-2271,סביוני גבעת שמואל - מגרשים 1006-1007 - חוזה הידרולוג.docx,סביוני גבעת שמואל,,meryle,מחיר קבוע/פאושלי,13343
CONT-10-2258,סביוני גבעת שמואל - מגרשים 1006-1007 - חוזה יועץ ביסוס קרקע.docx,סביוני גבעת שמואל,גבעת שמואל,meryle,מחיר קבוע/פאושלי,41500
CONT-10-2257,סביוני גבעת שמואל - מגרשים 1006-1007 - חוזה יועץ ניהול ואחזקת מבנים.docx,סביוני גבעת שמואל,גבעת שמואל,meryle,מחיר קבוע/פאושלי,80000
CONT-10-2259,סביוני גבעת שמואל - מגרשים 1006-1007 - חוזה מנהל מודל ומתאם מערכות.docx,סביוני גבעת שמואל,גבעת שמואל,meryle,מחיר קבוע/פאושלי,170500
CONT-10-2376,סביוני גבעת שמואל - מגרשים 1006-1007 - חוזה מעצב פנים.docx,סביוני גבעת שמואל,גבעת שמואל,meryle,מחיר קבוע/פאושלי,150000
CONT-10-2246,סביוני גבעת שמואל - מגרשים 1006-1007 - חוזה מתכנן אינסטלציה.docx,סביוני גבעת שמואל,גבעת שמואל,meryle,למדידה,482640
CONT-10-2122,סביוני גבעת שמואל - תאום מערכות.docx,סביוני גבעת שמואל,גבעת שמואל,meryle,מחיר קבוע/פאושלי,125000
CONT-10-2206,סביוני גבעת שמואל 1006-1007 - חוזה יועץ תנועה.docx,סביוני גבעת שמואל,,meryle,מחיר קבוע/פאושלי,108000
CONT-10-2207,סביוני גבעת שמואל 1006-1007 - חוזה מתכנן מיגון.docx,סביוני גבעת שמואל,גבעת שמואל,meryle,מחיר קבוע/פאושלי,20000
CONT-10-1921,סביוני גבעת שמואל חוזה מתכנן אינסטלציה.docx,סביוני גבעת שמואל,גבעת שמואל,meryle,מחיר קבוע/פאושלי,401800
CONT-10-1925,ססביוני גבעת שמואל - חוזה מתכנן מיזוג אוויר.docx,סביוני גבעת שמואל,גבעת שמואל,meryle,מחיר קבוע/פאושלי,268000
CONT-10-1932,עינב.docx,פרויקט ניסיון,,einave,,
CONT-10-2391,פרויקט קיציס -תכולת מכרז קבלן ראשי.docx,קיציס 17-26,קיציס 17-26,kooksec,,
CONT-10-1873,שהם - דיור להשכרה - חוזה חברת פיקוח.docx,סביוני שהם - דיור להשכרה,סביוני שהם - דיור להשכרה,meryle,מחיר קבוע/פאושלי,2262850
CONT-10-1070,שהם מחיר למשתכן - חוזה הידרולוג.docx,סביוני שהם - מחיר למשתכן,סביוני שהם - מחיר למשתכן,meryle,מחיר קבוע/פאושלי,16920
CONT-10-1066,שהם מחיר למשתכן - חוזה חברת ניהול ופיקוח.docx,סביוני שהם - מחיר למשתכן,סביוני שהם - מחיר למשתכן,meryle,מחיר קבוע/פאושלי,2592000
CONT-10-1394,שהם מחיר למשתכן - חוזה יועץ איטום.docx,סביוני שהם - מחיר למשתכן,סביוני שהם - מחיר למשתכן,meryle,מחיר קבוע/פאושלי,27280
CONT-10-1069,שהם מחיר למשתכן - חוזה יועץ נגישות.docx,סביוני שהם - מחיר למשתכן,סביוני שהם - מחיר למשתכן,meryle,מחיר קבוע/פאושלי,12600
CONT-10-1401,שהם מחיר למשתכן - חוזה יועץ תאום מערכות.docx,סביוני שהם - מחיר למשתכן,סביוני שהם - מחיר למשתכן,meryle,מחיר קבוע/פאושלי,100000
CONT-10-1067,שהם מחיר למשתכן - חוזה מעצב פנים.docx,סביוני שהם - מחיר למשתכן,סביוני שהם - מחיר למשתכן,meryle,מחיר קבוע/פאושלי,95000
CONT-10-1396,שהם מחיר למשתכן - חוזה מתכנן מיגון.docx,סביוני שהם - מחיר למשתכן,סביוני שהם - מחיר למשתכן,meryle,מחיר קבוע/פאושלי,25000
CONT-10-1065,שהם מחיר למשתכן - חוזה מתכנן קונסטרוקציה.docx,סביוני שהם - מחיר למשתכן,סביוני שהם - מחיר למשתכן,meryle,מחיר קבוע/פאושלי,578016
CONT-10-1068,שהם מחיר משתכן - חוזה מתכנן אלומיניום.docx,סביוני שהם - מחיר למשתכן,סביוני שהם - מחיר למשתכן,meryle,מחיר קבוע/פאושלי,83592
CONT-10-1909,תבנית מודד.docx,סביוני רעננה צפון,סביוני רעננה צפון,germank,,
CONT-10-1928,תכולת מכרז קבלן ראשי.docx,פרויקט ניסיון,פרויקט ניסיון,einave,מחיר קבוע/פאושלי,
CONT-10-2112,תכולת מכרז קבלן ראשי.docx,סביוני רעננה צפון,רעננה,germank,מחיר קבוע/פאושלי,145538000
CONT-10-2383,תכולת מכרז קבלן ראשי.docx,רמת שרת שלב ב,רמת שרת שלב ב,kooksec,,
CONT-10-2219,תמצית עסקה - רמגור הרצליה טיוטה - 5.9.22.docx,רמגור הרצליה,אפריקה ישראל,,,
